Tanggal,Nama Pelanggan,Status,Nomor HP,Nama Driver,Layanan,Plat Mobil,Jenis Mobil,Drone,Jumlah Hari,Penumpang,Hotel 1,Hotel 2,Hotel 3,Hotel 4,Harga,Deposit,Pelunasan,Tiba,Flight Balik
09/02/2026,,,,,Paket Trip,,,FALSE,,,Pilihan Lain Tulis Saja,Pilihan Lain Tulis Saja,Pilihan Lain Tulis Saja,Pilihan Lain Tulis Saja,,,,,
,,,,,,,,FALSE,,,,,,,,,,,
,,,,,,,,FALSE,,,,,,,,,,,
,,,,,,,,FALSE,,,,,,,,,,,
,,,,,,,,FALSE,,,,,,,,,,,
,,,,,,,,FALSE,,,,,,,,,,,
,,,,,,,,FALSE,,,,,,,,,,,
,,,,,,,,FALSE,,,,,,,,,,,
,,,,,,,,FALSE,,,,,,,,,,,
,,,,,,,,FALSE,,,,,,,,,,,
,,,,,,,,FALSE,,,,,,,,,,,
,,,,,,,,FALSE,,,,,,,,,,,
,,,,,,,,FALSE,,,,,,,,,,,
,,,,,,,,FALSE,,,,,,,,,,,
,,,,,,,,FALSE,,,,,,,,,,,
,,,,,,,,FALSE,,,,,,,,,,,
,,,,,,,,FALSE,,,,,,,,,,,
,,,,,,,,FALSE,,,,,,,,,,,
,,,,,,,,FALSE,,,,,,,,,,,
,,,,,,,,FALSE,,,,,,,,,,,
,,,,,,,,FALSE,,,,,,,,,,,
,,,,,,,,FALSE,,,,,,,,,,,
,,,,,,,,FALSE,,,,,,,,,,,
,,,,,,,,FALSE,,,,,,,,,,,
,,,,,,,,FALSE,,,,,,,,,,,
,,,,,,,,FALSE,,,,,,,,,,,
,,,,,,,,FALSE,,,,,,,,,,,
,,,,,,,,FALSE,,,,,,,,,,,
,,,,,,,,FALSE,,,,,,,,,,,
,,,,,,,,FALSE,,,,,,,,,,,
,,,,,,,,FALSE,,,,,,,,,,,
,,,,,,,,FALSE,,,,,,,,,,,
,,,,,,,,FALSE,,,,,,,,,,,
,,,,,,,,FALSE,,,,,,,,,,,
,,,,,,,,FALSE,,,,,,,,,,,
,,,,,,,,FALSE,,,,,,,,,,,
,,,,,,,,FALSE,,,,,,,,,,,
,,,,,,,,FALSE,,,,,,,,,,,
,,,,,,,,FALSE,,,,,,,,,,,
,,,,,,,,FALSE,,,,,,,,,,,
,,,,,,,,FALSE,,,,,,,,,,,
,,,,,,,,FALSE,,,,,,,,,,,
,,,,,,,,FALSE,,,,,,,,,,,
,,,,,,,,FALSE,,,,,,,,,,,
,,,,,,,,FALSE,,,,,,,,,,,
,,,,,,,,FALSE,,,,,,,,,,,
,,,,,,,,FALSE,,,,,,,,,,,
,,,,,,,,FALSE,,,,,,,,,,,
,,,,,,,,FALSE,,,,,,,,,,,
,,,,,,,,FALSE,,,,,,,,,,,
,,,,,,,,FALSE,,,,,,,,,,,
,,,,,,,,FALSE,,,,,,,,,,,
,,,,,,,,FALSE,,,,,,,,,,,
,,,,,,,,FALSE,,,,,,,,,,,
,,,,,,,,FALSE,,,,,,,,,,,
,,,,,,,,FALSE,,,,,,,,,,,
,,,,,,,,FALSE,,,,,,,,,,,
,,,,,,,,FALSE,,,,,,,,,,,
,,,,,,,,FALSE,,,,,,,,,,,
,,,,,,,,FALSE,,,,,,,,,,,
,,,,,,,,FALSE,,,,,,,,,,,
,,,,,,,,FALSE,,,,,,,,,,,
,,,,,,,,FALSE,,,,,,,,,,,
,,,,,,,,FALSE,,,,,,,,,,,
,,,,,,,,FALSE,,,,,,,,,,,
,,,,,,,,FALSE,,,,,,,,,,,
,,,,,,,,FALSE,,,,,,,,,,,
,,,,,,,,FALSE,,,,,,,,,,,
,,,,,,,,FALSE,,,,,,,,,,,
,,,,,,,,FALSE,,,,,,,,,,,
,,,,,,,,FALSE,,,,,,,,,,,
,,,,,,,,FALSE,,,,,,,,,,,
,,,,,,,,FALSE,,,,,,,,,,,
,,,,,,,,FALSE,,,,,,,,,,,
,,,,,,,,FALSE,,,,,,,,,,,
,,,,,,,,FALSE,,,,,,,,,,,
,,,,,,,,FALSE,,,,,,,,,,,
,,,,,,,,FALSE,,,,,,,,,,,
,,,,,,,,FALSE,,,,,,,,,,,
,,,,,,,,FALSE,,,,,,,,,,,
,,,,,,,,FALSE,,,,,,,,,,,
,,,,,,,,FALSE,,,,,,,,,,,
,,,,,,,,FALSE,,,,,,,,,,,
,,,,,,,,FALSE,,,,,,,,,,,
,,,,,,,,FALSE,,,,,,,,,,,
,,,,,,,,FALSE,,,,,,,,,,,
,,,,,,,,FALSE,,,,,,,,,,,
,,,,,,,,FALSE,,,,,,,,,,,
,,,,,,,,FALSE,,,,,,,,,,,
,,,,,,,,FALSE,,,,,,,,,,,
,,,,,,,,FALSE,,,,,,,,,,,
,,,,,,,,FALSE,,,,,,,,,,,
,,,,,,,,FALSE,,,,,,,,,,,
,,,,,,,,FALSE,,,,,,,,,,,
,,,,,,,,FALSE,,,,,,,,,,,
,,,,,,,,FALSE,,,,,,,,,,,
,,,,,,,,FALSE,,,,,,,,,,,
,,,,,,,,FALSE,,,,,,,,,,,
,,,,,,,,FALSE,,,,,,,,,,,
,,,,,,,,FALSE,,,,,,,,,,,
,,,,,,,,FALSE,,,,,,,,,,,
,,,,,,,,FALSE,,,,,,,,,,,
,,,,,,,,FALSE,,,,,,,,,,,
,,,,,,,,FALSE,,,,,,,,,,,
,,,,,,,,FALSE,,,,,,,,,,,
,,,,,,,,FALSE,,,,,,,,,,,
,,,,,,,,FALSE,,,,,,,,,,,
,,,,,,,,FALSE,,,,,,,,,,,
,,,,,,,,FALSE,,,,,,,,,,,
,,,,,,,,FALSE,,,,,,,,,,,
,,,,,,,,FALSE,,,,,,,,,,,
,,,,,,,,FALSE,,,,,,,,,,,
,,,,,,,,FALSE,,,,,,,,,,,
,,,,,,,,FALSE,,,,,,,,,,,
,,,,,,,,FALSE,,,,,,,,,,,
,,,,,,,,FALSE,,,,,,,,,,,
,,,,,,,,FALSE,,,,,,,,,,,
,,,,,,,,FALSE,,,,,,,,,,,
,,,,,,,,FALSE,,,,,,,,,,,
,,,,,,,,FALSE,,,,,,,,,,,
,,,,,,,,FALSE,,,,,,,,,,,
,,,,,,,,FALSE,,,,,,,,,,,
,,,,,,,,FALSE,,,,,,,,,,,
,,,,,,,,FALSE,,,,,,,,,,,
,,,,,,,,FALSE,,,,,,,,,,,
,,,,,,,,FALSE,,,,,,,,,,,
,,,,,,,,FALSE,,,,,,,,,,,
,,,,,,,,FALSE,,,,,,,,,,,
,,,,,,,,FALSE,,,,,,,,,,,
,,,,,,,,FALSE,,,,,,,,,,,
,,,,,,,,FALSE,,,,,,,,,,,
,,,,,,,,FALSE,,,,,,,,,,,
,,,,,,,,FALSE,,,,,,,,,,,
,,,,,,,,FALSE,,,,,,,,,,,
,,,,,,,,FALSE,,,,,,,,,,,
,,,,,,,,FALSE,,,,,,,,,,,
,,,,,,,,FALSE,,,,,,,,,,,
,,,,,,,,FALSE,,,,,,,,,,,
,,,,,,,,FALSE,,,,,,,,,,,
,,,,,,,,FALSE,,,,,,,,,,,
,,,,,,,,FALSE,,,,,,,,,,,
,,,,,,,,FALSE,,,,,,,,,,,
,,,,,,,,FALSE,,,,,,,,,,,
,,,,,,,,FALSE,,,,,,,,,,,
,,,,,,,,FALSE,,,,,,,,,,,
,,,,,,,,FALSE,,,,,,,,,,,
,,,,,,,,FALSE,,,,,,,,,,,
,,,,,,,,FALSE,,,,,,,,,,,
,,,,,,,,FALSE,,,,,,,,,,,
,,,,,,,,FALSE,,,,,,,,,,,
,,,,,,,,FALSE,,,,,,,,,,,
,,,,,,,,FALSE,,,,,,,,,,,
,,,,,,,,FALSE,,,,,,,,,,,
,,,,,,,,FALSE,,,,,,,,,,,
,,,,,,,,FALSE,,,,,,,,,,,
,,,,,,,,FALSE,,,,,,,,,,,
,,,,,,,,FALSE,,,,,,,,,,,
,,,,,,,,FALSE,,,,,,,,,,,
,,,,,,,,FALSE,,,,,,,,,,,
,,,,,,,,FALSE,,,,,,,,,,,
,,,,,,,,FALSE,,,,,,,,,,,
,,,,,,,,FALSE,,,,,,,,,,,
,,,,,,,,FALSE,,,,,,,,,,,
,,,,,,,,FALSE,,,,,,,,,,,
,,,,,,,,FALSE,,,,,,,,,,,
,,,,,,,,FALSE,,,,,,,,,,,
,,,,,,,,FALSE,,,,,,,,,,,
,,,,,,,,FALSE,,,,,,,,,,,
,,,,,,,,FALSE,,,,,,,,,,,
,,,,,,,,FALSE,,,,,,,,,,,
,,,,,,,,FALSE,,,,,,,,,,,
,,,,,,,,FALSE,,,,,,,,,,,
,,,,,,,,FALSE,,,,,,,,,,,
,,,,,,,,FALSE,,,,,,,,,,,
,,,,,,,,FALSE,,,,,,,,,,,
,,,,,,,,FALSE,,,,,,,,,,,
,,,,,,,,FALSE,,,,,,,,,,,
,,,,,,,,FALSE,,,,,,,,,,,
,,,,,,,,FALSE,,,,,,,,,,,
,,,,,,,,FALSE,,,,,,,,,,,
,,,,,,,,FALSE,,,,,,,,,,,
,,,,,,,,FALSE,,,,,,,,,,,
,,,,,,,,FALSE,,,,,,,,,,,
,,,,,,,,FALSE,,,,,,,,,,,
,,,,,,,,FALSE,,,,,,,,,,,
,,,,,,,,FALSE,,,,,,,,,,,
,,,,,,,,FALSE,,,,,,,,,,,
,,,,,,,,FALSE,,,,,,,,,,,
,,,,,,,,FALSE,,,,,,,,,,,
,,,,,,,,FALSE,,,,,,,,,,,
,,,,,,,,FALSE,,,,,,,,,,,
,,,,,,,,FALSE,,,,,,,,,,,
,,,,,,,,FALSE,,,,,,,,,,,
,,,,,,,,FALSE,,,,,,,,,,,
,,,,,,,,FALSE,,,,,,,,,,,
,,,,,,,,FALSE,,,,,,,,,,,
,,,,,,,,FALSE,,,,,,,,,,,
,,,,,,,,FALSE,,,,,,,,,,,
,,,,,,,,FALSE,,,,,,,,,,,
,,,,,,,,FALSE,,,,,,,,,,,
,,,,,,,,FALSE,,,,,,,,,,,
,,,,,,,,FALSE,,,,,,,,,,,
,,,,,,,,FALSE,,,,,,,,,,,
,,,,,,,,FALSE,,,,,,,,,,,
,,,,,,,,FALSE,,,,,,,,,,,
,,,,,,,,FALSE,,,,,,,,,,,
,,,,,,,,FALSE,,,,,,,,,,,
,,,,,,,,FALSE,,,,,,,,,,,
,,,,,,,,FALSE,,,,,,,,,,,
,,,,,,,,FALSE,,,,,,,,,,,
,,,,,,,,FALSE,,,,,,,,,,,
,,,,,,,,FALSE,,,,,,,,,,,
,,,,,,,,FALSE,,,,,,,,,,,
,,,,,,,,FALSE,,,,,,,,,,,
,,,,,,,,FALSE,,,,,,,,,,,
,,,,,,,,FALSE,,,,,,,,,,,
,,,,,,,,FALSE,,,,,,,,,,,
,,,,,,,,FALSE,,,,,,,,,,,
,,,,,,,,FALSE,,,,,,,,,,,
,,,,,,,,FALSE,,,,,,,,,,,
,,,,,,,,FALSE,,,,,,,,,,,
,,,,,,,,FALSE,,,,,,,,,,,
,,,,,,,,FALSE,,,,,,,,,,,
,,,,,,,,FALSE,,,,,,,,,,,
,,,,,,,,FALSE,,,,,,,,,,,
,,,,,,,,FALSE,,,,,,,,,,,
,,,,,,,,FALSE,,,,,,,,,,,
,,,,,,,,FALSE,,,,,,,,,,,
,,,,,,,,FALSE,,,,,,,,,,,
,,,,,,,,FALSE,,,,,,,,,,,
,,,,,,,,FALSE,,,,,,,,,,,
,,,,,,,,FALSE,,,,,,,,,,,
,,,,,,,,FALSE,,,,,,,,,,,
,,,,,,,,FALSE,,,,,,,,,,,
,,,,,,,,FALSE,,,,,,,,,,,
,,,,,,,,FALSE,,,,,,,,,,,
,,,,,,,,FALSE,,,,,,,,,,,
,,,,,,,,FALSE,,,,,,,,,,,
,,,,,,,,FALSE,,,,,,,,,,,
,,,,,,,,FALSE,,,,,,,,,,,
,,,,,,,,FALSE,,,,,,,,,,,
,,,,,,,,FALSE,,,,,,,,,,,
,,,,,,,,FALSE,,,,,,,,,,,
,,,,,,,,FALSE,,,,,,,,,,,
,,,,,,,,FALSE,,,,,,,,,,,
,,,,,,,,FALSE,,,,,,,,,,,
,,,,,,,,FALSE,,,,,,,,,,,
,,,,,,,,FALSE,,,,,,,,,,,
,,,,,,,,FALSE,,,,,,,,,,,
,,,,,,,,FALSE,,,,,,,,,,,
,,,,,,,,FALSE,,,,,,,,,,,
,,,,,,,,FALSE,,,,,,,,,,,
,,,,,,,,FALSE,,,,,,,,,,,
,,,,,,,,FALSE,,,,,,,,,,,
,,,,,,,,FALSE,,,,,,,,,,,
,,,,,,,,FALSE,,,,,,,,,,,
,,,,,,,,FALSE,,,,,,,,,,,
,,,,,,,,FALSE,,,,,,,,,,,
,,,,,,,,FALSE,,,,,,,,,,,
,,,,,,,,FALSE,,,,,,,,,,,
,,,,,,,,FALSE,,,,,,,,,,,
,,,,,,,,FALSE,,,,,,,,,,,
,,,,,,,,FALSE,,,,,,,,,,,
,,,,,,,,FALSE,,,,,,,,,,,
,,,,,,,,FALSE,,,,,,,,,,,
,,,,,,,,FALSE,,,,,,,,,,,
,,,,,,,,FALSE,,,,,,,,,,,
,,,,,,,,FALSE,,,,,,,,,,,
,,,,,,,,FALSE,,,,,,,,,,,
,,,,,,,,FALSE,,,,,,,,,,,
,,,,,,,,FALSE,,,,,,,,,,,
,,,,,,,,FALSE,,,,,,,,,,,
,,,,,,,,FALSE,,,,,,,,,,,
,,,,,,,,FALSE,,,,,,,,,,,
,,,,,,,,FALSE,,,,,,,,,,,
,,,,,,,,FALSE,,,,,,,,,,,
,,,,,,,,FALSE,,,,,,,,,,,
,,,,,,,,FALSE,,,,,,,,,,,
,,,,,,,,FALSE,,,,,,,,,,,
,,,,,,,,FALSE,,,,,,,,,,,
,,,,,,,,FALSE,,,,,,,,,,,
,,,,,,,,FALSE,,,,,,,,,,,
,,,,,,,,FALSE,,,,,,,,,,,
,,,,,,,,FALSE,,,,,,,,,,,
,,,,,,,,FALSE,,,,,,,,,,,
,,,,,,,,FALSE,,,,,,,,,,,
,,,,,,,,FALSE,,,,,,,,,,,
,,,,,,,,FALSE,,,,,,,,,,,
,,,,,,,,FALSE,,,,,,,,,,,
,,,,,,,,FALSE,,,,,,,,,,,
,,,,,,,,FALSE,,,,,,,,,,,
,,,,,,,,FALSE,,,,,,,,,,,
,,,,,,,,FALSE,,,,,,,,,,,
,,,,,,,,FALSE,,,,,,,,,,,
,,,,,,,,FALSE,,,,,,,,,,,
,,,,,,,,FALSE,,,,,,,,,,,
,,,,,,,,FALSE,,,,,,,,,,,
,,,,,,,,FALSE,,,,,,,,,,,
,,,,,,,,FALSE,,,,,,,,,,,
,,,,,,,,FALSE,,,,,,,,,,,
,,,,,,,,FALSE,,,,,,,,,,,
,,,,,,,,FALSE,,,,,,,,,,,
,,,,,,,,FALSE,,,,,,,,,,,
,,,,,,,,FALSE,,,,,,,,,,,
,,,,,,,,FALSE,,,,,,,,,,,
,,,,,,,,FALSE,,,,,,,,,,,
,,,,,,,,FALSE,,,,,,,,,,,
,,,,,,,,FALSE,,,,,,,,,,,
,,,,,,,,FALSE,,,,,,,,,,,
,,,,,,,,FALSE,,,,,,,,,,,
,,,,,,,,FALSE,,,,,,,,,,,
,,,,,,,,FALSE,,,,,,,,,,,
,,,,,,,,FALSE,,,,,,,,,,,
,,,,,,,,FALSE,,,,,,,,,,,
,,,,,,,,FALSE,,,,,,,,,,,
,,,,,,,,FALSE,,,,,,,,,,,
,,,,,,,,FALSE,,,,,,,,,,,
,,,,,,,,FALSE,,,,,,,,,,,
,,,,,,,,FALSE,,,,,,,,,,,
,,,,,,,,FALSE,,,,,,,,,,,
,,,,,,,,FALSE,,,,,,,,,,,
,,,,,,,,FALSE,,,,,,,,,,,
,,,,,,,,FALSE,,,,,,,,,,,
,,,,,,,,FALSE,,,,,,,,,,,
,,,,,,,,FALSE,,,,,,,,,,,
,,,,,,,,FALSE,,,,,,,,,,,
,,,,,,,,FALSE,,,,,,,,,,,
,,,,,,,,FALSE,,,,,,,,,,,
,,,,,,,,FALSE,,,,,,,,,,,
,,,,,,,,FALSE,,,,,,,,,,,
,,,,,,,,FALSE,,,,,,,,,,,
,,,,,,,,FALSE,,,,,,,,,,,
,,,,,,,,FALSE,,,,,,,,,,,
,,,,,,,,FALSE,,,,,,,,,,,
,,,,,,,,FALSE,,,,,,,,,,,
,,,,,,,,FALSE,,,,,,,,,,,
,,,,,,,,FALSE,,,,,,,,,,,
,,,,,,,,FALSE,,,,,,,,,,,
,,,,,,,,FALSE,,,,,,,,,,,
,,,,,,,,FALSE,,,,,,,,,,,
,,,,,,,,FALSE,,,,,,,,,,,
,,,,,,,,FALSE,,,,,,,,,,,
,,,,,,,,FALSE,,,,,,,,,,,
,,,,,,,,FALSE,,,,,,,,,,,
,,,,,,,,FALSE,,,,,,,,,,,
,,,,,,,,FALSE,,,,,,,,,,,
,,,,,,,,FALSE,,,,,,,,,,,
,,,,,,,,FALSE,,,,,,,,,,,
,,,,,,,,FALSE,,,,,,,,,,,
,,,,,,,,FALSE,,,,,,,,,,,
,,,,,,,,FALSE,,,,,,,,,,,
,,,,,,,,FALSE,,,,,,,,,,,
,,,,,,,,FALSE,,,,,,,,,,,
,,,,,,,,FALSE,,,,,,,,,,,
,,,,,,,,FALSE,,,,,,,,,,,
,,,,,,,,FALSE,,,,,,,,,,,
,,,,,,,,FALSE,,,,,,,,,,,
,,,,,,,,FALSE,,,,,,,,,,,
,,,,,,,,FALSE,,,,,,,,,,,
,,,,,,,,FALSE,,,,,,,,,,,
,,,,,,,,FALSE,,,,,,,,,,,
,,,,,,,,FALSE,,,,,,,,,,,
,,,,,,,,FALSE,,,,,,,,,,,
,,,,,,,,FALSE,,,,,,,,,,,
,,,,,,,,FALSE,,,,,,,,,,,
,,,,,,,,FALSE,,,,,,,,,,,
,,,,,,,,FALSE,,,,,,,,,,,
,,,,,,,,FALSE,,,,,,,,,,,
,,,,,,,,FALSE,,,,,,,,,,,
,,,,,,,,FALSE,,,,,,,,,,,
,,,,,,,,FALSE,,,,,,,,,,,
,,,,,,,,FALSE,,,,,,,,,,,
,,,,,,,,FALSE,,,,,,,,,,,
,,,,,,,,FALSE,,,,,,,,,,,
,,,,,,,,FALSE,,,,,,,,,,,
,,,,,,,,FALSE,,,,,,,,,,,
,,,,,,,,FALSE,,,,,,,,,,,
,,,,,,,,FALSE,,,,,,,,,,,
,,,,,,,,FALSE,,,,,,,,,,,
,,,,,,,,FALSE,,,,,,,,,,,
,,,,,,,,FALSE,,,,,,,,,,,
,,,,,,,,FALSE,,,,,,,,,,,
,,,,,,,,FALSE,,,,,,,,,,,
,,,,,,,,FALSE,,,,,,,,,,,
,,,,,,,,FALSE,,,,,,,,,,,
,,,,,,,,FALSE,,,,,,,,,,,
,,,,,,,,FALSE,,,,,,,,,,,
,,,,,,,,FALSE,,,,,,,,,,,
,,,,,,,,FALSE,,,,,,,,,,,
,,,,,,,,FALSE,,,,,,,,,,,
,,,,,,,,FALSE,,,,,,,,,,,
,,,,,,,,FALSE,,,,,,,,,,,
,,,,,,,,FALSE,,,,,,,,,,,
,,,,,,,,FALSE,,,,,,,,,,,
,,,,,,,,FALSE,,,,,,,,,,,
,,,,,,,,FALSE,,,,,,,,,,,
,,,,,,,,FALSE,,,,,,,,,,,
,,,,,,,,FALSE,,,,,,,,,,,
,,,,,,,,FALSE,,,,,,,,,,,
,,,,,,,,FALSE,,,,,,,,,,,
,,,,,,,,FALSE,,,,,,,,,,,
,,,,,,,,FALSE,,,,,,,,,,,
,,,,,,,,FALSE,,,,,,,,,,,
,,,,,,,,FALSE,,,,,,,,,,,
,,,,,,,,FALSE,,,,,,,,,,,
,,,,,,,,FALSE,,,,,,,,,,,
,,,,,,,,FALSE,,,,,,,,,,,
,,,,,,,,FALSE,,,,,,,,,,,
,,,,,,,,FALSE,,,,,,,,,,,
,,,,,,,,FALSE,,,,,,,,,,,
,,,,,,,,FALSE,,,,,,,,,,,
,,,,,,,,FALSE,,,,,,,,,,,
,,,,,,,,FALSE,,,,,,,,,,,
,,,,,,,,FALSE,,,,,,,,,,,
,,,,,,,,FALSE,,,,,,,,,,,
,,,,,,,,FALSE,,,,,,,,,,,
,,,,,,,,FALSE,,,,,,,,,,,
,,,,,,,,FALSE,,,,,,,,,,,
,,,,,,,,FALSE,,,,,,,,,,,
,,,,,,,,FALSE,,,,,,,,,,,
,,,,,,,,FALSE,,,,,,,,,,,
,,,,,,,,FALSE,,,,,,,,,,,
,,,,,,,,FALSE,,,,,,,,,,,
,,,,,,,,FALSE,,,,,,,,,,,
,,,,,,,,FALSE,,,,,,,,,,,
,,,,,,,,FALSE,,,,,,,,,,,
,,,,,,,,FALSE,,,,,,,,,,,
,,,,,,,,FALSE,,,,,,,,,,,
,,,,,,,,FALSE,,,,,,,,,,,
,,,,,,,,FALSE,,,,,,,,,,,
,,,,,,,,FALSE,,,,,,,,,,,
,,,,,,,,FALSE,,,,,,,,,,,
,,,,,,,,FALSE,,,,,,,,,,,
,,,,,,,,FALSE,,,,,,,,,,,
,,,,,,,,FALSE,,,,,,,,,,,
,,,,,,,,FALSE,,,,,,,,,,,
,,,,,,,,FALSE,,,,,,,,,,,
,,,,,,,,FALSE,,,,,,,,,,,
,,,,,,,,FALSE,,,,,,,,,,,
,,,,,,,,FALSE,,,,,,,,,,,
,,,,,,,,FALSE,,,,,,,,,,,
,,,,,,,,FALSE,,,,,,,,,,,
,,,,,,,,FALSE,,,,,,,,,,,
,,,,,,,,FALSE,,,,,,,,,,,
,,,,,,,,FALSE,,,,,,,,,,,
,,,,,,,,FALSE,,,,,,,,,,,
,,,,,,,,FALSE,,,,,,,,,,,
,,,,,,,,FALSE,,,,,,,,,,,
,,,,,,,,FALSE,,,,,,,,,,,
,,,,,,,,FALSE,,,,,,,,,,,
,,,,,,,,FALSE,,,,,,,,,,,
,,,,,,,,FALSE,,,,,,,,,,,
,,,,,,,,FALSE,,,,,,,,,,,
,,,,,,,,FALSE,,,,,,,,,,,
,,,,,,,,FALSE,,,,,,,,,,,
,,,,,,,,FALSE,,,,,,,,,,,
,,,,,,,,FALSE,,,,,,,,,,,
,,,,,,,,FALSE,,,,,,,,,,,
,,,,,,,,FALSE,,,,,,,,,,,
,,,,,,,,FALSE,,,,,,,,,,,
,,,,,,,,FALSE,,,,,,,,,,,
,,,,,,,,FALSE,,,,,,,,,,,
,,,,,,,,FALSE,,,,,,,,,,,
,,,,,,,,FALSE,,,,,,,,,,,
,,,,,,,,FALSE,,,,,,,,,,,
,,,,,,,,FALSE,,,,,,,,,,,
,,,,,,,,FALSE,,,,,,,,,,,
,,,,,,,,FALSE,,,,,,,,,,,
,,,,,,,,FALSE,,,,,,,,,,,
,,,,,,,,FALSE,,,,,,,,,,,
,,,,,,,,FALSE,,,,,,,,,,,
,,,,,,,,FALSE,,,,,,,,,,,
,,,,,,,,FALSE,,,,,,,,,,,
,,,,,,,,FALSE,,,,,,,,,,,
,,,,,,,,FALSE,,,,,,,,,,,
,,,,,,,,FALSE,,,,,,,,,,,
,,,,,,,,FALSE,,,,,,,,,,,
,,,,,,,,FALSE,,,,,,,,,,,
,,,,,,,,FALSE,,,,,,,,,,,
,,,,,,,,FALSE,,,,,,,,,,,
,,,,,,,,FALSE,,,,,,,,,,,
,,,,,,,,FALSE,,,,,,,,,,,
,,,,,,,,FALSE,,,,,,,,,,,
,,,,,,,,FALSE,,,,,,,,,,,
,,,,,,,,FALSE,,,,,,,,,,,
,,,,,,,,FALSE,,,,,,,,,,,
,,,,,,,,FALSE,,,,,,,,,,,
,,,,,,,,FALSE,,,,,,,,,,,
,,,,,,,,FALSE,,,,,,,,,,,
,,,,,,,,FALSE,,,,,,,,,,,
,,,,,,,,FALSE,,,,,,,,,,,
,,,,,,,,FALSE,,,,,,,,,,,
,,,,,,,,FALSE,,,,,,,,,,,
,,,,,,,,FALSE,,,,,,,,,,,
,,,,,,,,FALSE,,,,,,,,,,,
,,,,,,,,FALSE,,,,,,,,,,,
,,,,,,,,FALSE,,,,,,,,,,,
,,,,,,,,FALSE,,,,,,,,,,,
,,,,,,,,FALSE,,,,,,,,,,,
,,,,,,,,FALSE,,,,,,,,,,,
,,,,,,,,FALSE,,,,,,,,,,,
,,,,,,,,FALSE,,,,,,,,,,,
,,,,,,,,FALSE,,,,,,,,,,,
,,,,,,,,FALSE,,,,,,,,,,,
,,,,,,,,FALSE,,,,,,,,,,,
,,,,,,,,FALSE,,,,,,,,,,,
,,,,,,,,FALSE,,,,,,,,,,,
,,,,,,,,FALSE,,,,,,,,,,,
,,,,,,,,FALSE,,,,,,,,,,,
,,,,,,,,FALSE,,,,,,,,,,,
,,,,,,,,FALSE,,,,,,,,,,,
,,,,,,,,FALSE,,,,,,,,,,,
,,,,,,,,FALSE,,,,,,,,,,,
,,,,,,,,FALSE,,,,,,,,,,,
,,,,,,,,FALSE,,,,,,,,,,,
,,,,,,,,FALSE,,,,,,,,,,,
,,,,,,,,FALSE,,,,,,,,,,,
,,,,,,,,FALSE,,,,,,,,,,,
,,,,,,,,FALSE,,,,,,,,,,,
,,,,,,,,FALSE,,,,,,,,,,,
,,,,,,,,FALSE,,,,,,,,,,,
,,,,,,,,FALSE,,,,,,,,,,,
,,,,,,,,FALSE,,,,,,,,,,,
,,,,,,,,FALSE,,,,,,,,,,,
,,,,,,,,FALSE,,,,,,,,,,,
,,,,,,,,FALSE,,,,,,,,,,,
,,,,,,,,FALSE,,,,,,,,,,,
,,,,,,,,FALSE,,,,,,,,,,,
,,,,,,,,FALSE,,,,,,,,,,,
,,,,,,,,FALSE,,,,,,,,,,,
,,,,,,,,FALSE,,,,,,,,,,,
,,,,,,,,FALSE,,,,,,,,,,,
,,,,,,,,FALSE,,,,,,,,,,,
,,,,,,,,FALSE,,,,,,,,,,,
,,,,,,,,FALSE,,,,,,,,,,,
,,,,,,,,FALSE,,,,,,,,,,,
,,,,,,,,FALSE,,,,,,,,,,,
,,,,,,,,FALSE,,,,,,,,,,,
,,,,,,,,FALSE,,,,,,,,,,,
,,,,,,,,FALSE,,,,,,,,,,,
,,,,,,,,FALSE,,,,,,,,,,,
,,,,,,,,FALSE,,,,,,,,,,,
,,,,,,,,FALSE,,,,,,,,,,,
,,,,,,,,FALSE,,,,,,,,,,,
,,,,,,,,FALSE,,,,,,,,,,,
,,,,,,,,FALSE,,,,,,,,,,,
,,,,,,,,FALSE,,,,,,,,,,,
,,,,,,,,FALSE,,,,,,,,,,,
,,,,,,,,FALSE,,,,,,,,,,,
,,,,,,,,FALSE,,,,,,,,,,,
,,,,,,,,FALSE,,,,,,,,,,,
,,,,,,,,FALSE,,,,,,,,,,,
,,,,,,,,FALSE,,,,,,,,,,,
,,,,,,,,FALSE,,,,,,,,,,,
,,,,,,,,FALSE,,,,,,,,,,,
,,,,,,,,FALSE,,,,,,,,,,,
,,,,,,,,FALSE,,,,,,,,,,,
,,,,,,,,FALSE,,,,,,,,,,,
,,,,,,,,FALSE,,,,,,,,,,,
,,,,,,,,FALSE,,,,,,,,,,,
,,,,,,,,FALSE,,,,,,,,,,,
,,,,,,,,FALSE,,,,,,,,,,,
,,,,,,,,FALSE,,,,,,,,,,,
,,,,,,,,FALSE,,,,,,,,,,,
,,,,,,,,FALSE,,,,,,,,,,,
,,,,,,,,FALSE,,,,,,,,,,,
,,,,,,,,FALSE,,,,,,,,,,,
,,,,,,,,FALSE,,,,,,,,,,,
,,,,,,,,FALSE,,,,,,,,,,,
,,,,,,,,FALSE,,,,,,,,,,,
,,,,,,,,FALSE,,,,,,,,,,,
,,,,,,,,FALSE,,,,,,,,,,,
,,,,,,,,FALSE,,,,,,,,,,,
,,,,,,,,FALSE,,,,,,,,,,,
,,,,,,,,FALSE,,,,,,,,,,,
,,,,,,,,FALSE,,,,,,,,,,,
,,,,,,,,FALSE,,,,,,,,,,,
,,,,,,,,FALSE,,,,,,,,,,,
,,,,,,,,FALSE,,,,,,,,,,,
,,,,,,,,FALSE,,,,,,,,,,,
,,,,,,,,FALSE,,,,,,,,,,,
,,,,,,,,FALSE,,,,,,,,,,,
,,,,,,,,FALSE,,,,,,,,,,,
,,,,,,,,FALSE,,,,,,,,,,,
,,,,,,,,FALSE,,,,,,,,,,,
,,,,,,,,FALSE,,,,,,,,,,,
,,,,,,,,FALSE,,,,,,,,,,,
,,,,,,,,FALSE,,,,,,,,,,,
,,,,,,,,FALSE,,,,,,,,,,,
,,,,,,,,FALSE,,,,,,,,,,,
,,,,,,,,FALSE,,,,,,,,,,,
,,,,,,,,FALSE,,,,,,,,,,,
,,,,,,,,FALSE,,,,,,,,,,,
,,,,,,,,FALSE,,,,,,,,,,,
,,,,,,,,FALSE,,,,,,,,,,,
,,,,,,,,FALSE,,,,,,,,,,,
,,,,,,,,FALSE,,,,,,,,,,,
,,,,,,,,FALSE,,,,,,,,,,,
,,,,,,,,FALSE,,,,,,,,,,,
,,,,,,,,FALSE,,,,,,,,,,,
,,,,,,,,FALSE,,,,,,,,,,,
,,,,,,,,FALSE,,,,,,,,,,,
,,,,,,,,FALSE,,,,,,,,,,,
,,,,,,,,FALSE,,,,,,,,,,,
,,,,,,,,FALSE,,,,,,,,,,,
,,,,,,,,FALSE,,,,,,,,,,,
,,,,,,,,FALSE,,,,,,,,,,,
,,,,,,,,FALSE,,,,,,,,,,,
,,,,,,,,FALSE,,,,,,,,,,,
,,,,,,,,FALSE,,,,,,,,,,,
,,,,,,,,FALSE,,,,,,,,,,,
,,,,,,,,FALSE,,,,,,,,,,,
,,,,,,,,FALSE,,,,,,,,,,,
,,,,,,,,FALSE,,,,,,,,,,,
,,,,,,,,FALSE,,,,,,,,,,,
,,,,,,,,FALSE,,,,,,,,,,,
,,,,,,,,FALSE,,,,,,,,,,,
,,,,,,,,FALSE,,,,,,,,,,,
,,,,,,,,FALSE,,,,,,,,,,,
,,,,,,,,FALSE,,,,,,,,,,,
,,,,,,,,FALSE,,,,,,,,,,,
,,,,,,,,FALSE,,,,,,,,,,,
,,,,,,,,FALSE,,,,,,,,,,,
,,,,,,,,FALSE,,,,,,,,,,,
,,,,,,,,FALSE,,,,,,,,,,,
,,,,,,,,FALSE,,,,,,,,,,,
,,,,,,,,FALSE,,,,,,,,,,,
,,,,,,,,FALSE,,,,,,,,,,,
,,,,,,,,FALSE,,,,,,,,,,,
,,,,,,,,FALSE,,,,,,,,,,,
,,,,,,,,FALSE,,,,,,,,,,,
,,,,,,,,FALSE,,,,,,,,,,,
,,,,,,,,FALSE,,,,,,,,,,,
,,,,,,,,FALSE,,,,,,,,,,,
,,,,,,,,FALSE,,,,,,,,,,,
,,,,,,,,FALSE,,,,,,,,,,,
,,,,,,,,FALSE,,,,,,,,,,,
,,,,,,,,FALSE,,,,,,,,,,,
,,,,,,,,FALSE,,,,,,,,,,,
,,,,,,,,FALSE,,,,,,,,,,,
,,,,,,,,FALSE,,,,,,,,,,,
,,,,,,,,FALSE,,,,,,,,,,,
,,,,,,,,FALSE,,,,,,,,,,,
,,,,,,,,FALSE,,,,,,,,,,,
,,,,,,,,FALSE,,,,,,,,,,,
,,,,,,,,FALSE,,,,,,,,,,,
,,,,,,,,FALSE,,,,,,,,,,,
,,,,,,,,FALSE,,,,,,,,,,,
,,,,,,,,FALSE,,,,,,,,,,,
,,,,,,,,FALSE,,,,,,,,,,,
,,,,,,,,FALSE,,,,,,,,,,,
,,,,,,,,FALSE,,,,,,,,,,,
,,,,,,,,FALSE,,,,,,,,,,,
,,,,,,,,FALSE,,,,,,,,,,,
,,,,,,,,FALSE,,,,,,,,,,,
,,,,,,,,FALSE,,,,,,,,,,,
,,,,,,,,FALSE,,,,,,,,,,,
,,,,,,,,FALSE,,,,,,,,,,,
,,,,,,,,FALSE,,,,,,,,,,,
,,,,,,,,FALSE,,,,,,,,,,,
,,,,,,,,FALSE,,,,,,,,,,,
,,,,,,,,FALSE,,,,,,,,,,,
,,,,,,,,FALSE,,,,,,,,,,,
,,,,,,,,FALSE,,,,,,,,,,,
,,,,,,,,FALSE,,,,,,,,,,,
,,,,,,,,FALSE,,,,,,,,,,,
,,,,,,,,FALSE,,,,,,,,,,,
,,,,,,,,FALSE,,,,,,,,,,,
,,,,,,,,FALSE,,,,,,,,,,,
,,,,,,,,FALSE,,,,,,,,,,,
,,,,,,,,FALSE,,,,,,,,,,,
,,,,,,,,FALSE,,,,,,,,,,,
,,,,,,,,FALSE,,,,,,,,,,,
,,,,,,,,FALSE,,,,,,,,,,,
,,,,,,,,FALSE,,,,,,,,,,,
,,,,,,,,FALSE,,,,,,,,,,,
,,,,,,,,FALSE,,,,,,,,,,,
,,,,,,,,FALSE,,,,,,,,,,,
,,,,,,,,FALSE,,,,,,,,,,,
,,,,,,,,FALSE,,,,,,,,,,,
,,,,,,,,FALSE,,,,,,,,,,,
,,,,,,,,FALSE,,,,,,,,,,,
,,,,,,,,FALSE,,,,,,,,,,,
,,,,,,,,FALSE,,,,,,,,,,,
,,,,,,,,FALSE,,,,,,,,,,,
,,,,,,,,FALSE,,,,,,,,,,,
,,,,,,,,FALSE,,,,,,,,,,,
,,,,,,,,FALSE,,,,,,,,,,,
,,,,,,,,FALSE,,,,,,,,,,,
,,,,,,,,FALSE,,,,,,,,,,,
,,,,,,,,FALSE,,,,,,,,,,,
,,,,,,,,FALSE,,,,,,,,,,,
,,,,,,,,FALSE,,,,,,,,,,,
,,,,,,,,FALSE,,,,,,,,,,,
,,,,,,,,FALSE,,,,,,,,,,,
,,,,,,,,FALSE,,,,,,,,,,,
,,,,,,,,FALSE,,,,,,,,,,,
,,,,,,,,FALSE,,,,,,,,,,,
,,,,,,,,FALSE,,,,,,,,,,,
,,,,,,,,FALSE,,,,,,,,,,,
,,,,,,,,FALSE,,,,,,,,,,,
,,,,,,,,FALSE,,,,,,,,,,,
,,,,,,,,FALSE,,,,,,,,,,,
,,,,,,,,FALSE,,,,,,,,,,,
,,,,,,,,FALSE,,,,,,,,,,,
,,,,,,,,FALSE,,,,,,,,,,,
,,,,,,,,FALSE,,,,,,,,,,,
,,,,,,,,FALSE,,,,,,,,,,,
,,,,,,,,FALSE,,,,,,,,,,,
,,,,,,,,FALSE,,,,,,,,,,,
,,,,,,,,FALSE,,,,,,,,,,,
,,,,,,,,FALSE,,,,,,,,,,,
,,,,,,,,FALSE,,,,,,,,,,,
,,,,,,,,FALSE,,,,,,,,,,,
,,,,,,,,FALSE,,,,,,,,,,,
,,,,,,,,FALSE,,,,,,,,,,,
,,,,,,,,FALSE,,,,,,,,,,,
,,,,,,,,FALSE,,,,,,,,,,,
,,,,,,,,FALSE,,,,,,,,,,,
,,,,,,,,FALSE,,,,,,,,,,,
,,,,,,,,FALSE,,,,,,,,,,,
,,,,,,,,FALSE,,,,,,,,,,,
,,,,,,,,FALSE,,,,,,,,,,,
,,,,,,,,FALSE,,,,,,,,,,,
,,,,,,,,FALSE,,,,,,,,,,,
,,,,,,,,FALSE,,,,,,,,,,,
,,,,,,,,FALSE,,,,,,,,,,,
,,,,,,,,FALSE,,,,,,,,,,,
,,,,,,,,FALSE,,,,,,,,,,,
,,,,,,,,FALSE,,,,,,,,,,,
,,,,,,,,FALSE,,,,,,,,,,,
,,,,,,,,FALSE,,,,,,,,,,,
,,,,,,,,FALSE,,,,,,,,,,,
,,,,,,,,FALSE,,,,,,,,,,,
,,,,,,,,FALSE,,,,,,,,,,,
,,,,,,,,FALSE,,,,,,,,,,,
,,,,,,,,FALSE,,,,,,,,,,,
,,,,,,,,FALSE,,,,,,,,,,,
,,,,,,,,FALSE,,,,,,,,,,,
,,,,,,,,FALSE,,,,,,,,,,,
,,,,,,,,FALSE,,,,,,,,,,,
,,,,,,,,FALSE,,,,,,,,,,,
,,,,,,,,FALSE,,,,,,,,,,,
,,,,,,,,FALSE,,,,,,,,,,,
,,,,,,,,FALSE,,,,,,,,,,,
,,,,,,,,FALSE,,,,,,,,,,,
,,,,,,,,FALSE,,,,,,,,,,,
,,,,,,,,FALSE,,,,,,,,,,,
,,,,,,,,FALSE,,,,,,,,,,,
,,,,,,,,FALSE,,,,,,,,,,,
,,,,,,,,FALSE,,,,,,,,,,,
,,,,,,,,FALSE,,,,,,,,,,,
,,,,,,,,FALSE,,,,,,,,,,,
,,,,,,,,FALSE,,,,,,,,,,,
,,,,,,,,FALSE,,,,,,,,,,,
,,,,,,,,FALSE,,,,,,,,,,,
,,,,,,,,FALSE,,,,,,,,,,,
,,,,,,,,FALSE,,,,,,,,,,,
,,,,,,,,FALSE,,,,,,,,,,,
,,,,,,,,FALSE,,,,,,,,,,,
,,,,,,,,FALSE,,,,,,,,,,,
,,,,,,,,FALSE,,,,,,,,,,,
,,,,,,,,FALSE,,,,,,,,,,,
,,,,,,,,FALSE,,,,,,,,,,,
,,,,,,,,FALSE,,,,,,,,,,,
,,,,,,,,FALSE,,,,,,,,,,,
,,,,,,,,FALSE,,,,,,,,,,,
,,,,,,,,FALSE,,,,,,,,,,,
,,,,,,,,FALSE,,,,,,,,,,,
,,,,,,,,FALSE,,,,,,,,,,,
,,,,,,,,FALSE,,,,,,,,,,,
,,,,,,,,FALSE,,,,,,,,,,,
,,,,,,,,FALSE,,,,,,,,,,,
,,,,,,,,FALSE,,,,,,,,,,,
,,,,,,,,FALSE,,,,,,,,,,,
,,,,,,,,FALSE,,,,,,,,,,,
,,,,,,,,FALSE,,,,,,,,,,,
,,,,,,,,FALSE,,,,,,,,,,,
,,,,,,,,FALSE,,,,,,,,,,,
,,,,,,,,FALSE,,,,,,,,,,,
,,,,,,,,FALSE,,,,,,,,,,,
,,,,,,,,FALSE,,,,,,,,,,,
,,,,,,,,FALSE,,,,,,,,,,,
,,,,,,,,FALSE,,,,,,,,,,,
,,,,,,,,FALSE,,,,,,,,,,,
,,,,,,,,FALSE,,,,,,,,,,,
,,,,,,,,FALSE,,,,,,,,,,,
,,,,,,,,FALSE,,,,,,,,,,,
,,,,,,,,FALSE,,,,,,,,,,,
,,,,,,,,FALSE,,,,,,,,,,,
,,,,,,,,FALSE,,,,,,,,,,,
,,,,,,,,FALSE,,,,,,,,,,,
,,,,,,,,FALSE,,,,,,,,,,,
,,,,,,,,FALSE,,,,,,,,,,,
,,,,,,,,FALSE,,,,,,,,,,,
,,,,,,,,FALSE,,,,,,,,,,,
,,,,,,,,FALSE,,,,,,,,,,,
,,,,,,,,FALSE,,,,,,,,,,,
,,,,,,,,FALSE,,,,,,,,,,,
,,,,,,,,FALSE,,,,,,,,,,,
,,,,,,,,FALSE,,,,,,,,,,,
,,,,,,,,FALSE,,,,,,,,,,,
,,,,,,,,FALSE,,,,,,,,,,,
,,,,,,,,FALSE,,,,,,,,,,,
,,,,,,,,FALSE,,,,,,,,,,,
,,,,,,,,FALSE,,,,,,,,,,,
,,,,,,,,FALSE,,,,,,,,,,,
,,,,,,,,FALSE,,,,,,,,,,,
,,,,,,,,FALSE,,,,,,,,,,,
,,,,,,,,FALSE,,,,,,,,,,,
,,,,,,,,FALSE,,,,,,,,,,,
,,,,,,,,FALSE,,,,,,,,,,,
,,,,,,,,FALSE,,,,,,,,,,,
,,,,,,,,FALSE,,,,,,,,,,,
,,,,,,,,FALSE,,,,,,,,,,,
,,,,,,,,FALSE,,,,,,,,,,,
,,,,,,,,FALSE,,,,,,,,,,,
,,,,,,,,FALSE,,,,,,,,,,,
,,,,,,,,FALSE,,,,,,,,,,,
,,,,,,,,FALSE,,,,,,,,,,,
,,,,,,,,FALSE,,,,,,,,,,,
,,,,,,,,FALSE,,,,,,,,,,,
,,,,,,,,FALSE,,,,,,,,,,,
,,,,,,,,FALSE,,,,,,,,,,,
,,,,,,,,FALSE,,,,,,,,,,,
,,,,,,,,FALSE,,,,,,,,,,,
,,,,,,,,FALSE,,,,,,,,,,,
,,,,,,,,FALSE,,,,,,,,,,,
,,,,,,,,FALSE,,,,,,,,,,,
,,,,,,,,FALSE,,,,,,,,,,,
,,,,,,,,FALSE,,,,,,,,,,,
,,,,,,,,FALSE,,,,,,,,,,,
,,,,,,,,FALSE,,,,,,,,,,,
,,,,,,,,FALSE,,,,,,,,,,,
,,,,,,,,FALSE,,,,,,,,,,,
,,,,,,,,FALSE,,,,,,,,,,,
,,,,,,,,FALSE,,,,,,,,,,,
,,,,,,,,FALSE,,,,,,,,,,,
,,,,,,,,FALSE,,,,,,,,,,,
,,,,,,,,FALSE,,,,,,,,,,,
,,,,,,,,FALSE,,,,,,,,,,,
,,,,,,,,FALSE,,,,,,,,,,,
,,,,,,,,FALSE,,,,,,,,,,,
,,,,,,,,FALSE,,,,,,,,,,,
,,,,,,,,FALSE,,,,,,,,,,,
,,,,,,,,FALSE,,,,,,,,,,,
,,,,,,,,FALSE,,,,,,,,,,,
,,,,,,,,FALSE,,,,,,,,,,,
,,,,,,,,FALSE,,,,,,,,,,,
,,,,,,,,FALSE,,,,,,,,,,,
,,,,,,,,FALSE,,,,,,,,,,,
,,,,,,,,FALSE,,,,,,,,,,,
,,,,,,,,FALSE,,,,,,,,,,,
,,,,,,,,FALSE,,,,,,,,,,,
,,,,,,,,FALSE,,,,,,,,,,,
,,,,,,,,FALSE,,,,,,,,,,,
,,,,,,,,FALSE,,,,,,,,,,,
,,,,,,,,FALSE,,,,,,,,,,,
,,,,,,,,FALSE,,,,,,,,,,,
,,,,,,,,FALSE,,,,,,,,,,,
,,,,,,,,FALSE,,,,,,,,,,,
,,,,,,,,FALSE,,,,,,,,,,,
,,,,,,,,FALSE,,,,,,,,,,,
,,,,,,,,FALSE,,,,,,,,,,,
,,,,,,,,FALSE,,,,,,,,,,,
,,,,,,,,FALSE,,,,,,,,,,,
,,,,,,,,FALSE,,,,,,,,,,,
,,,,,,,,FALSE,,,,,,,,,,,
,,,,,,,,FALSE,,,,,,,,,,,
,,,,,,,,FALSE,,,,,,,,,,,
,,,,,,,,FALSE,,,,,,,,,,,
,,,,,,,,FALSE,,,,,,,,,,,
,,,,,,,,FALSE,,,,,,,,,,,
,,,,,,,,FALSE,,,,,,,,,,,
,,,,,,,,FALSE,,,,,,,,,,,
,,,,,,,,FALSE,,,,,,,,,,,
,,,,,,,,FALSE,,,,,,,,,,,
,,,,,,,,FALSE,,,,,,,,,,,
,,,,,,,,FALSE,,,,,,,,,,,
,,,,,,,,FALSE,,,,,,,,,,,
,,,,,,,,FALSE,,,,,,,,,,,
,,,,,,,,FALSE,,,,,,,,,,,
,,,,,,,,FALSE,,,,,,,,,,,
,,,,,,,,FALSE,,,,,,,,,,,
,,,,,,,,FALSE,,,,,,,,,,,
,,,,,,,,FALSE,,,,,,,,,,,
,,,,,,,,FALSE,,,,,,,,,,,
,,,,,,,,FALSE,,,,,,,,,,,
,,,,,,,,FALSE,,,,,,,,,,,
,,,,,,,,FALSE,,,,,,,,,,,
,,,,,,,,FALSE,,,,,,,,,,,
,,,,,,,,FALSE,,,,,,,,,,,
,,,,,,,,FALSE,,,,,,,,,,,
,,,,,,,,FALSE,,,,,,,,,,,
,,,,,,,,FALSE,,,,,,,,,,,
,,,,,,,,FALSE,,,,,,,,,,,
,,,,,,,,FALSE,,,,,,,,,,,
,,,,,,,,FALSE,,,,,,,,,,,
,,,,,,,,FALSE,,,,,,,,,,,
,,,,,,,,FALSE,,,,,,,,,,,
,,,,,,,,FALSE,,,,,,,,,,,
,,,,,,,,FALSE,,,,,,,,,,,
,,,,,,,,FALSE,,,,,,,,,,,
,,,,,,,,FALSE,,,,,,,,,,,
,,,,,,,,FALSE,,,,,,,,,,,
,,,,,,,,FALSE,,,,,,,,,,,
,,,,,,,,FALSE,,,,,,,,,,,
,,,,,,,,FALSE,,,,,,,,,,,
,,,,,,,,FALSE,,,,,,,,,,,
,,,,,,,,FALSE,,,,,,,,,,,
,,,,,,,,FALSE,,,,,,,,,,,
,,,,,,,,FALSE,,,,,,,,,,,
,,,,,,,,FALSE,,,,,,,,,,,
,,,,,,,,FALSE,,,,,,,,,,,
,,,,,,,,FALSE,,,,,,,,,,,
,,,,,,,,FALSE,,,,,,,,,,,
,,,,,,,,FALSE,,,,,,,,,,,
,,,,,,,,FALSE,,,,,,,,,,,
,,,,,,,,FALSE,,,,,,,,,,,
,,,,,,,,FALSE,,,,,,,,,,,
,,,,,,,,FALSE,,,,,,,,,,,
,,,,,,,,FALSE,,,,,,,,,,,
,,,,,,,,FALSE,,,,,,,,,,,
,,,,,,,,FALSE,,,,,,,,,,,
,,,,,,,,FALSE,,,,,,,,,,,
,,,,,,,,FALSE,,,,,,,,,,,
,,,,,,,,FALSE,,,,,,,,,,,
,,,,,,,,FALSE,,,,,,,,,,,
,,,,,,,,FALSE,,,,,,,,,,,
,,,,,,,,FALSE,,,,,,,,,,,
,,,,,,,,FALSE,,,,,,,,,,,
,,,,,,,,FALSE,,,,,,,,,,,
,,,,,,,,FALSE,,,,,,,,,,,
,,,,,,,,FALSE,,,,,,,,,,,
,,,,,,,,FALSE,,,,,,,,,,,
,,,,,,,,FALSE,,,,,,,,,,,
,,,,,,,,FALSE,,,,,,,,,,,
,,,,,,,,FALSE,,,,,,,,,,,
,,,,,,,,FALSE,,,,,,,,,,,
,,,,,,,,FALSE,,,,,,,,,,,
,,,,,,,,FALSE,,,,,,,,,,,
,,,,,,,,FALSE,,,,,,,,,,,
,,,,,,,,FALSE,,,,,,,,,,,
,,,,,,,,FALSE,,,,,,,,,,,
,,,,,,,,FALSE,,,,,,,,,,,
,,,,,,,,FALSE,,,,,,,,,,,
,,,,,,,,FALSE,,,,,,,,,,,
,,,,,,,,FALSE,,,,,,,,,,,
,,,,,,,,FALSE,,,,,,,,,,,
,,,,,,,,FALSE,,,,,,,,,,,
,,,,,,,,FALSE,,,,,,,,,,,
,,,,,,,,FALSE,,,,,,,,,,,
,,,,,,,,FALSE,,,,,,,,,,,
,,,,,,,,FALSE,,,,,,,,,,,
,,,,,,,,FALSE,,,,,,,,,,,
,,,,,,,,FALSE,,,,,,,,,,,
,,,,,,,,FALSE,,,,,,,,,,,
,,,,,,,,FALSE,,,,,,,,,,,
,,,,,,,,FALSE,,,,,,,,,,,
,,,,,,,,FALSE,,,,,,,,,,,
,,,,,,,,FALSE,,,,,,,,,,,
,,,,,,,,FALSE,,,,,,,,,,,
,,,,,,,,FALSE,,,,,,,,,,,
,,,,,,,,FALSE,,,,,,,,,,,
,,,,,,,,FALSE,,,,,,,,,,,
,,,,,,,,FALSE,,,,,,,,,,,
,,,,,,,,FALSE,,,,,,,,,,,
,,,,,,,,FALSE,,,,,,,,,,,
,,,,,,,,FALSE,,,,,,,,,,,
,,,,,,,,FALSE,,,,,,,,,,,
,,,,,,,,FALSE,,,,,,,,,,,
,,,,,,,,FALSE,,,,,,,,,,,
,,,,,,,,FALSE,,,,,,,,,,,
,,,,,,,,FALSE,,,,,,,,,,,
,,,,,,,,FALSE,,,,,,,,,,,
,,,,,,,,FALSE,,,,,,,,,,,
,,,,,,,,FALSE,,,,,,,,,,,
,,,,,,,,FALSE,,,,,,,,,,,
,,,,,,,,FALSE,,,,,,,,,,,
,,,,,,,,FALSE,,,,,,,,,,,
,,,,,,,,FALSE,,,,,,,,,,,
,,,,,,,,FALSE,,,,,,,,,,,
,,,,,,,,FALSE,,,,,,,,,,,
,,,,,,,,FALSE,,,,,,,,,,,
,,,,,,,,FALSE,,,,,,,,,,,
,,,,,,,,FALSE,,,,,,,,,,,
,,,,,,,,FALSE,,,,,,,,,,,
,,,,,,,,FALSE,,,,,,,,,,,
,,,,,,,,FALSE,,,,,,,,,,,
,,,,,,,,FALSE,,,,,,,,,,,
,,,,,,,,FALSE,,,,,,,,,,,
,,,,,,,,FALSE,,,,,,,,,,,
,,,,,,,,FALSE,,,,,,,,,,,
,,,,,,,,FALSE,,,,,,,,,,,
,,,,,,,,FALSE,,,,,,,,,,,
,,,,,,,,FALSE,,,,,,,,,,,
,,,,,,,,FALSE,,,,,,,,,,,
,,,,,,,,FALSE,,,,,,,,,,,
,,,,,,,,FALSE,,,,,,,,,,,
,,,,,,,,FALSE,,,,,,,,,,,
,,,,,,,,FALSE,,,,,,,,,,,
,,,,,,,,FALSE,,,,,,,,,,,
,,,,,,,,FALSE,,,,,,,,,,,
,,,,,,,,FALSE,,,,,,,,,,,
,,,,,,,,FALSE,,,,,,,,,,,
,,,,,,,,FALSE,,,,,,,,,,,
,,,,,,,,FALSE,,,,,,,,,,,
,,,,,,,,FALSE,,,,,,,,,,,
,,,,,,,,FALSE,,,,,,,,,,,
,,,,,,,,FALSE,,,,,,,,,,,
,,,,,,,,FALSE,,,,,,,,,,,
,,,,,,,,FALSE,,,,,,,,,,,
,,,,,,,,FALSE,,,,,,,,,,,
,,,,,,,,FALSE,,,,,,,,,,,